Url,Title,Country,City,IP,Port,Server,Protocol
oa.hzscjy.com,,China,Hangzhou,122.225.192.132,80,WVS,
60.190.158.142,,China,Haining,60.190.158.142,80,WVS,
61.130.75.158:8001,,China,Quzhou,61.130.75.158,8001,Resin/3.1.8,
https://101.67.160.160,,China,Hangzhou,101.67.160.160,443,nginx/1.16.1,
115.236.3.2:8080,,China,Hangzhou,115.236.3.2,8080,WVS,
218.75.84.150:777,,China,Hangzhou,218.75.84.150,777,WVS,
60.191.39.148:8088,,China,Hangzhou,60.191.39.148,8088,WVS,
124.160.226.83:8888,,China,Hangzhou,124.160.226.83,8888,Resin/4.0.58,
115.238.104.181:8080,,China,Hangzhou,115.238.104.181,8080,WVS,
223.93.66.28:8888,,China,Hangzhou,223.93.66.28,8888,WVS,
61.153.41.214:8082,,China,Wenzhou,61.153.41.214,8082,Resin/3.1.8,
60.191.75.2:8089,,China,Hangzhou,60.191.75.2,8089,WVS,
218.205.34.74:8088,,China,Ningbo,218.205.34.74,8088,Resin/3.1.8,
60.191.64.114:9000,,China,Hangzhou,60.191.64.114,9000,WVS,
122.224.196.194:8088,,China,Hangzhou,122.224.196.194,8088,WVS,
220.189.213.74:9999,,China,Hangzhou,220.189.213.74,9999,WVS,
101.68.85.117:800,,China,Hangzhou,101.68.85.117,800,nginx,
112.16.152.10:8081,,China,Ningbo,112.16.152.10,8081,WVS,
122.224.134.198:81,,China,Hangzhou,122.224.134.198,81,WVS,
61.164.32.106:8888,,China,Hangzhou,61.164.32.106,8888,Resin/3.1.8,
125.117.80.230:8888,,China,Yiwu,125.117.80.230,8888,WVS,
60.190.166.78:8888,,China,Haining,60.190.166.78,8888,WVS,
122.227.141.54:8060,,China,Ningbo,122.227.141.54,8060,WVS,
122.228.148.130:8088,,China,Wenzhou,122.228.148.130,8088,WVS,
123.157.239.102:7070,,China,Hangzhou,123.157.239.102,7070,WVS,
183.129.209.59:8888,,China,Hangzhou,183.129.209.59,8888,WVS,
36.22.189.156:8081,,China,Tongxiang,36.22.189.156,8081,WVS,
112.16.139.182:8089,,China,Ningbo,112.16.139.182,8089,Resin/3.1.8,
115.238.132.50:8081,,China,Ningbo,115.238.132.50,8081,WVS,
183.129.210.220:8889,,China,Hangzhou,183.129.210.220,8889,WVS,
https://220.191.236.80:8088,,China,Taizhou,220.191.236.80,8088,WVS,
https://122.225.234.109,,China,Hangzhou,122.225.234.109,443,WVS,
112.12.95.36:8088,,China,Jinhua,112.12.95.36,8088,nginx,
61.164.93.162:8082,,China,Ningbo,61.164.93.162,8082,WVS,
115.238.34.168:8088,,China,Hangzhou,115.238.34.168,8088,WVS,
oa.zjsjky.com,,China,Hangzhou,218.108.8.125,80,WVS,
112.14.147.218:8080,,China,Shaoxing,112.14.147.218,8080,WVS,
123.157.233.189:9080,,China,Hangzhou,123.157.233.189,9080,Resin/3.1.8,
122.228.168.212:88,,China,Wenzhou,122.228.168.212,88,WVS,
112.14.6.240:9002,,China,Wenzhou,112.14.6.240,9002,Resin/3.1.8,
60.12.85.149:8081,,China,Ningbo,60.12.85.149,8081,WVS,
120.199.21.8:8081,,China,Hangzhou,120.199.21.8,8081,WVS,
120.199.21.12:8081,,China,Hangzhou,120.199.21.12,8081,nginx/1.10.2,
122.227.163.90:8081,,China,Ningbo,122.227.163.90,8081,WVS,
122.227.32.42:8081,,China,Yiwu,122.227.32.42,8081,WVS,
60.190.193.30:8081,,China,Shaoxing,60.190.193.30,8081,Resin/4.0.58,
61.153.238.102:8080,,China,Jiaxing,61.153.238.102,8080,WVS,
112.14.1.119:8088,,China,Wenzhou,112.14.1.119,8088,WVS,
223.93.178.7:8888,,China,Hangzhou,223.93.178.7,8888,WVS,
60.190.49.210:8081,,China,Ningbo,60.190.49.210,8081,WVS,
115.238.132.182:8088,,China,Ningbo,115.238.132.182,8088,WVS,
218.75.72.178:8090,,China,Hangzhou,218.75.72.178,8090,WVS,
218.75.0.138:8082,,China,Wenzhou,218.75.0.138,8082,Resin/4.0.58,
122.225.207.67:8081,,China,Hangzhou,122.225.207.67,8081,WVS,
122.224.144.149:9000,,China,Hangzhou,122.224.144.149,9000,Resin/4.0.58,
60.12.30.146,,China,Ningbo,60.12.30.146,80,WVS,
122.227.131.234:8088,,China,Ningbo,122.227.131.234,8088,WVS,
61.153.235.86,,China,Jiaxing,61.153.235.86,80,WVS,
111.0.67.72:10000,,China,Fangjiatang,111.0.67.72,10000,Tegine,
112.14.53.106:8080,,China,Wenzhou,112.14.53.106,8080,WVS,
61.164.92.238:3002,,China,Ningbo,61.164.92.238,3002,Resin/3.1.8,
111.1.181.114:8090,,China,Tongxiang,111.1.181.114,8090,WVS,
https://115.236.92.74:8443,,China,Hangzhou,115.236.92.74,8443,WVS,
60.191.37.213:8000,,China,Hangzhou,60.191.37.213,8000,Resin/3.1.8,
223.94.140.139:82,,China,Haining,223.94.140.139,82,WVS,
115.231.251.91,,China,Huzhou,115.231.251.91,80,WVS,
60.191.25.235,,China,Hangzhou,60.191.25.235,80,WVS,
220.189.214.90:9000,,China,Hangzhou,220.189.214.90,9000,WVS,
oa.cnskg.com,,China,Tongxiang,60.190.139.42,80,WVS,
https://112.11.230.105,,China,Huzhou,112.11.230.105,443,WVS,
202.101.164.131:18080,,China,Hangzhou,202.101.164.131,18080,WVS,
115.231.207.130:8081,,China,Shaoxing,115.231.207.130,8081,Resin/3.1.8,
112.17.144.225:8090,,China,Hangzhou,112.17.144.225,8090,WVS,
60.190.173.134:88,,China,Haining,60.190.173.134,88,WVS,
61.174.20.126:8080,,China,Ningbo,61.174.20.126,8080,Resin/3.1.8,
61.153.220.218:8091,,China,Taizhou,61.153.220.218,8091,Resin/4.0.58,
61.175.218.91:8081,,China,Hangzhou,61.175.218.91,8081,WVS,
61.130.106.214:8088,,China,Ningbo,61.130.106.214,8088,WVS,
61.175.220.114:8082,,China,Hangzhou,61.175.220.114,8082,WVS,
61.175.220.117:8082,,China,Hangzhou,61.175.220.117,8082,WVS,
https://61.153.55.130,,China,Wenzhou,61.153.55.130,443,nginx/1.18.0,
101.68.83.243:8081,,China,Hangzhou,101.68.83.243,8081,Resin/4.0.58,
112.14.16.99:8088,,China,Wenzhou,112.14.16.99,8088,Tegine,
112.14.2.41:8888,,China,Wenzhou,112.14.2.41,8888,WVS,
220.189.229.202:8090,,China,Linhai,220.189.229.202,8090,WVS,
oa.rejointech.com:8989,,China,Hangzhou,125.120.167.87,8989,Resin/3.1.8,
183.245.121.75:8080,,China,Wenzhou,183.245.121.75,8080,nginx/1.12.2,
60.190.129.98:7080,,China,Tongxiang,60.190.129.98,7080,WVS,
60.191.117.132:8081,,China,Hangzhou,60.191.117.132,8081,WVS,
183.129.145.228:8080,,China,Hangzhou,183.129.145.228,8080,nginx,
115.231.251.91:8082,,China,Huzhou,115.231.251.91,8082,WVS,
112.16.178.98:8088,,China,Ningbo,112.16.178.98,8088,WVS,
122.225.204.109:8081,,China,Hangzhou,122.225.204.109,8081,Tegine,
123.157.159.61:800,,China,Hangzhou,123.157.159.61,800,Resin/4.0.58,
61.153.238.198:8080,,China,Jiaxing,61.153.238.198,8080,WVS,
220.189.245.171:8086,,China,Linhai,220.189.245.171,8086,Resin/3.1.8,
220.189.208.125:8088,,China,Hangzhou,220.189.208.125,8088,WVS,
122.228.181.70:8085,,China,Wenzhou,122.228.181.70,8085,WVS,
183.131.90.38:8089,,China,Shaoxing,183.131.90.38,8089,Resin/3.1.8,
221.12.31.130:9090,,China,Hangzhou,221.12.31.130,9090,WVS,
122.225.225.84:8888,,China,Ningbo,122.225.225.84,8888,WVS,
60.190.196.222:8081,,China,Shaoxing,60.190.196.222,8081,WVS,
oa.zjsei.com,,China,Quzhou,202.96.99.101,80,WVS,
220.191.224.193:8889,,China,Yuyao,220.191.224.193,8889,WVS,
ioa.sunnyoptical.cn,,China,Ningbo,122.227.136.27,80,nginx/1.10.2,
60.12.6.34:8081,,China,Hangzhou,60.12.6.34,8081,WVS,
218.108.40.230:8088,,China,Hangzhou,218.108.40.230,8088,Resin/4.0.58,
oa.bettapharma.com:800,,China,Hangzhou,124.160.62.251,800,WVS,
61.164.70.82:8000,,China,Xushan,61.164.70.82,8000,WVS,
60.190.106.114:8088,,China,Wenzhou,60.190.106.114,8088,WVS,
61.164.93.162:8087,,China,Ningbo,61.164.93.162,8087,Tegine,
115.238.69.29,,China,Hangzhou,115.238.69.29,80,nginx/1.16.0,
122.224.126.58:8089,,China,Hangzhou,122.224.126.58,8089,WVS,
60.191.31.13:9090,,China,Hangzhou,60.191.31.13,9090,Resin/4.0.58,
60.191.31.14:9090,,China,Hangzhou,60.191.31.14,9090,Resin/4.0.58,
https://122.228.178.75:8443,,China,Wenzhou,122.228.178.75,8443,WVS,
61.164.93.69:8081,,China,Ningbo,61.164.93.69,8081,WVS,
124.160.78.214:443,,China,Hangzhou,124.160.78.214,443,WVS,
bsoa.bosomchina.com,,China,Hangzhou,115.238.69.29,80,nginx/1.16.0,
60.190.49.42:88,,China,Ningbo,60.190.49.42,88,WVS,
112.11.138.230:8088,,China,Hangzhou,112.11.138.230,8088,WVS,
218.108.8.125,,China,Hangzhou,218.108.8.125,80,WVS,
122.228.133.130:8088,,China,Wenzhou,122.228.133.130,8088,Tegine,
60.191.23.138:8081,,China,Hangzhou,60.191.23.138,8081,Resin/3.1.8,
60.191.127.226:8888,,China,Hangzhou,60.191.127.226,8888,WVS,
111.1.184.178:8088,,China,Tongxiang,111.1.184.178,8088,WVS,
60.191.127.228:8888,,China,Hangzhou,60.191.127.228,8888,Resin/4.0.58,
218.75.40.66:8088,,China,Wenzhou,218.75.40.66,8088,WVS,
https://183.129.164.41:8443,,China,Hangzhou,183.129.164.41,8443,WVS,
60.190.54.254:8090,,China,Ningbo,60.190.54.254,8090,WVS,
60.12.250.100,,China,Ningbo,60.12.250.100,80,Resin/3.1.8,
122.225.197.6:8081,,China,Hangzhou,122.225.197.6,8081,Resin/4.0.58,
60.191.70.10,,China,Hangzhou,60.191.70.10,80,Resin/4.0.58,
61.164.93.67:8081,,China,Ningbo,61.164.93.67,8081,WVS,
112.16.20.142:9090,,China,Wenzhou,112.16.20.142,9090,WVS,
123.157.212.202:8888,,China,Hangzhou,123.157.212.202,8888,Tegine,
220.189.208.157,,China,Hangzhou,220.189.208.157,80,WVS,
123.157.0.234:8088,,China,Lanxi,123.157.0.234,8088,Resin/3.1.8,
https://122.225.228.165:8443,,China,Hangzhou,122.225.228.165,8443,WVS,
61.164.67.250:8080,,China,Xushan,61.164.67.250,8080,WVS,
oa.holley.cn,,China,Hangzhou,122.224.101.78,80,Tegine,
124.160.36.107:8000,,China,Hangzhou,124.160.36.107,8000,WVS,
218.75.122.235:8081,,China,Hangzhou,218.75.122.235,8081,Resin/4.0.58,
123.157.159.171:1234,,China,Hangzhou,123.157.159.171,1234,Tegine,
60.183.63.82:9999,,China,Shaoxing,60.183.63.82,9999,WVS,
61.153.50.244:7070,,China,Wenzhou,61.153.50.244,7070,WVS,
183.246.165.29:12345,,China,Shanhu,183.246.165.29,12345,WVS,
60.12.230.228,,China,Ningbo,60.12.230.228,80,Resin/3.1.8,
61.174.17.178:8088,,China,Ningbo,61.174.17.178,8088,Resin/3.1.8,
122.228.182.178:9001,,China,Wenzhou,122.228.182.178,9001,Resin/3.1.8,
112.11.139.163:9080,,China,Hangzhou,112.11.139.163,9080,Resin/3.1.8,
122.227.32.254:8888,,China,Yiwu,122.227.32.254,8888,Resin/4.0.58,
oa.lumitek.cn,,China,Ningbo,61.164.93.146,80,WVS,
https://61.164.93.146,,China,Ningbo,61.164.93.146,443,WVS,
60.185.199.212:8888,,China,Zhoushan,60.185.199.212,8888,Resin/4.0.58,
122.225.78.25:7080,,China,Haining,122.225.78.25,7080,WVS,
122.224.99.242:8081,,China,Hangzhou,122.224.99.242,8081,WVS,
183.131.247.68:8008,,China,Ningbo,183.131.247.68,8008,WVS,
183.246.68.151:8088,,China,Yiwu,183.246.68.151,8088,Resin/4.0.58,
https://125.123.85.118:8443,,China,Jiaxing,125.123.85.118,8443,WVS,
183.131.88.254:8081,,China,Shaoxing,183.131.88.254,8081,Resin/4.0.58,
112.14.132.187:8009,,China,Shaoxing,112.14.132.187,8009,Resin/3.1.8,
https://183.131.247.68:8009,,China,Ningbo,183.131.247.68,8009,WVS,
101.68.78.148,,China,Hangzhou,101.68.78.148,80,WVS,
essr.outsideasy.com,,China,Hangzhou,101.68.78.148,80,WVS,
218.75.85.10:81,,China,Hangzhou,218.75.85.10,81,WVS,
61.153.51.26:88,,China,Wenzhou,61.153.51.26,88,WVS,
https://218.75.15.94,,China,Wenzhou,218.75.15.94,443,nginx,
https://122.227.160.70:8443,,China,Ningbo,122.227.160.70,8443,Tegine,
https://61.164.69.11:8090,,China,Xushan,61.164.69.11,8090,WVS,
220.189.213.50:8000,,China,Hangzhou,220.189.213.50,8000,WVS,
60.12.0.226:8089,,China,Hangzhou,60.12.0.226,8089,WVS,
61.153.248.74:8081,,China,Hangzhou,61.153.248.74,8081,Resin/3.1.8,
https://120.199.21.12,,China,Hangzhou,120.199.21.12,443,nginx/1.10.2,
https://221.12.59.151,,China,Ningbo,221.12.59.151,443,TongWeb Server,
183.129.135.242,,China,Hangzhou,183.129.135.242,80,nginx/1.12.2,
https://183.129.135.242,,China,Hangzhou,183.129.135.242,443,nginx/1.12.2,
oa.lfdjg.com:81,,China,Jiaxing,61.153.232.18,81,WVS,
61.153.232.18:880,,China,Jiaxing,61.153.232.18,880,WVS,
61.153.232.18:81,,China,Jiaxing,61.153.232.18,81,WVS,
60.191.7.42:8888,,China,Hangzhou,60.191.7.42,8888,WVS,
101.68.73.5:8088,,China,Hangzhou,101.68.73.5,8088,WVS,
218.75.46.90:9001,,China,Wenzhou,218.75.46.90,9001,WVS,
https://moa.xjpharma.net:8090,,China,Ningbo,60.12.65.5,8090,WVS,
https://60.12.65.5:8090,,China,Ningbo,60.12.65.5,8090,WVS,
https://101.71.120.233:8090,,China,Hangzhou,101.71.120.233,8090,WVS,
122.227.143.58:9999,,China,Ningbo,122.227.143.58,9999,Resin/3.1.8,
60.185.218.200:8888,,China,Zhoushan,60.185.218.200,8888,Resin/4.0.58,
112.14.18.5:8088,,China,Wenzhou,112.14.18.5,8088,WVS,
122.224.204.204:8888,,China,Hangzhou,122.224.204.204,8888,Tegine,
61.164.89.170:2080,,China,Ningbo,61.164.89.170,2080,WVS,
112.16.172.250:8082,,China,Ningbo,112.16.172.250,8082,WVS,
60.12.220.159:9080,,China,Ningbo,60.12.220.159,9080,WVS,
60.12.220.159:8080,,China,Ningbo,60.12.220.159,8080,WVS,
218.75.78.226:8888,,China,Hangzhou,218.75.78.226,8888,WVS,
115.239.166.10:8090,,China,Shaoxing,115.239.166.10,8090,WVS,
https://122.231.53.181:6001,,China,Hangzhou,122.231.53.181,6001,nginx,
61.164.86.246:5009,,China,Ningbo,61.164.86.246,5009,WVS,
183.129.149.42:10001,,China,Hangzhou,183.129.149.42,10001,WVS,
223.93.140.114:8080,,China,Hangzhou,223.93.140.114,8080,WVS,
111.1.85.64:8089,,China,Wenzhou,111.1.85.64,8089,WVS,
112.14.6.21:9090,,China,Wenzhou,112.14.6.21,9090,WVS,
123.157.217.90:8081,,China,Hangzhou,123.157.217.90,8081,WVS,
183.159.38.55:8888,,China,Hangzhou,183.159.38.55,8888,WVS,
183.129.150.242:88,,China,Hangzhou,183.129.150.242,88,WVS,
61.174.212.174,,China,Shaoxing,61.174.212.174,80,WVS,
61.153.227.194:8090,,China,Jiaxing,61.153.227.194,8090,WVS,
218.72.172.135:8888,,China,Lishui,218.72.172.135,8888,WVS,
122.224.160.104:9090,,China,Hangzhou,122.224.160.104,9090,WVS,
115.236.86.50:8090,,China,Hangzhou,115.236.86.50,8090,WVS,
223.94.88.169:8888,,China,Yiwu,223.94.88.169,8888,Resin/4.0.58,
61.164.93.70:8081,,China,Ningbo,61.164.93.70,8081,WVS,
60.190.14.90:8090,,China,Ningbo,60.190.14.90,8090,Tegine,
https://122.227.130.206,,China,Ningbo,122.227.130.206,443,nginx,
218.75.102.162:8888,,China,Yiwu,218.75.102.162,8888,WVS,
60.190.149.42,,China,Haining,60.190.149.42,80,WVS,
183.131.244.242:8099,,China,Ningbo,183.131.244.242,8099,WVS,
60.12.223.224,,China,Ningbo,60.12.223.224,80,nginx/1.17.9,
115.236.87.44,,China,Hangzhou,115.236.87.44,80,WVS,
122.228.187.6:88,,China,Wenzhou,122.228.187.6,88,WVS,
oa.chr-group.net:800,,China,Hangzhou,101.68.85.117,800,nginx,
218.75.78.158:81,,China,Hangzhou,218.75.78.158,81,WVS,
60.190.172.66:81,,China,Haining,60.190.172.66,81,WVS,
223.95.118.206:88,,China,Hangzhou,223.95.118.206,88,WVS,
111.1.82.44,,China,Wenzhou,111.1.82.44,80,Tegine,
123.153.2.143:8081,,China,Taizhou,123.153.2.143,8081,Resin/3.1.8,
oa.zjhkyljt.com:3690,,China,Hangzhou,115.238.110.210,3690,WVS,
61.174.213.182:8889,,China,Shaoxing,61.174.213.182,8889,Resin/3.1.8,
210.83.64.180:8888,,China,Ningbo,210.83.64.180,8888,WVS,
115.238.65.36,,China,Hangzhou,115.238.65.36,80,WVS,
61.153.49.210:8008,,China,Wenzhou,61.153.49.210,8008,WVS,
202.101.160.211:6868,,China,Hangzhou,202.101.160.211,6868,WVS,
218.0.0.30:8088,,China,Hangzhou,218.0.0.30,8088,WVS,
124.90.45.226:8080,,China,Hangzhou,124.90.45.226,8080,WVS,
60.12.72.58:8091,,China,Ningbo,60.12.72.58,8091,WVS,
115.221.83.172:8888,,China,Wenzhou,115.221.83.172,8888,Resin/3.1.8,
218.205.110.232:88,,China,Hangzhou,218.205.110.232,88,WVS,
soa.kukagroup.com:8099,,China,Hangzhou,115.236.175.206,8099,WVS,
60.191.122.98:8088,,China,Hangzhou,60.191.122.98,8088,WVS,
112.14.6.8,,China,Wenzhou,112.14.6.8,80,nginx/1.17.9,
oa.jinggonggroup.com,,China,Pinghu,220.191.176.7,80,Resin/3.1.8,
115.238.34.93,,China,Hangzhou,115.238.34.93,80,WVS,
122.224.67.230,,China,Hangzhou,122.224.67.230,80,Resin/3.1.8,
112.16.125.191:88,,China,Huzhou,112.16.125.191,88,WVS,
122.224.207.122:8888,,China,Hangzhou,122.224.207.122,8888,WVS,
221.12.105.82:8088,,China,Linhai,221.12.105.82,8088,WVS,
221.12.59.18:8081,,China,Ningbo,221.12.59.18,8081,WVS,
115.238.104.42:8888,,China,Hangzhou,115.238.104.42,8888,WVS,
61.175.220.115:8082,,China,Hangzhou,61.175.220.115,8082,WVS,
60.191.95.242:8080,,China,Hangzhou,60.191.95.242,8080,WVS,
61.175.220.116:8082,,China,Hangzhou,61.175.220.116,8082,WVS,
115.231.198.150:88,,China,Shaoxing,115.231.198.150,88,WVS,
125.110.173.204:88,,China,Wenzhou,125.110.173.204,88,Tegine,
61.130.96.122:8090,,China,Ningbo,61.130.96.122,8090,WVS,
101.68.83.243:8001,,China,Hangzhou,101.68.83.243,8001,Resin/4.0.58,
122.227.32.42:88,,China,Yiwu,122.227.32.42,88,WVS,
218.72.252.162:880,,China,Lishui,218.72.252.162,880,WVS,
111.2.194.181:8081,,China,Hangzhou,111.2.194.181,8081,Resin/3.1.8,
36.22.186.238:8088,,China,Tongxiang,36.22.186.238,8088,Resin/4.0.58,
223.94.44.161,,China,Ningbo,223.94.44.161,80,nginx/1.19.5,
101.68.79.30:8086,,China,Hangzhou,101.68.79.30,8086,Resin/3.1.8,
115.239.166.43:8090,,China,Shaoxing,115.239.166.43,8090,Resin/4.0.58,
125.122.31.69:8090,,China,Hangzhou,125.122.31.69,8090,WVS,
115.239.167.187:8081,,China,Shaoxing,115.239.167.187,8081,Resin/3.1.8,
220.189.209.114:8001,,China,Hangzhou,220.189.209.114,8001,WVS,
https://221.12.106.82,,China,Linhai,221.12.106.82,443,nginx,
115.238.81.82,,China,Hangzhou,115.238.81.82,80,WVS,
https://61.153.51.26:8443,,China,Wenzhou,61.153.51.26,8443,nginx,
61.164.69.11:8088,,China,Xushan,61.164.69.11,8088,WVS,
111.1.87.252:8081,,China,Wenzhou,111.1.87.252,8081,WVS,
60.190.197.158:8081,,China,Shaoxing,60.190.197.158,8081,WVS,
60.191.89.186:81,,China,Hangzhou,60.191.89.186,81,Resin/3.1.8,
122.225.237.18:8000,,China,Hangzhou,122.225.237.18,8000,WVS,
61.130.108.184:8080,,China,Ningbo,61.130.108.184,8080,WVS,
220.189.230.109,,China,Linhai,220.189.230.109,80,WVS,
220.191.186.35:8081,,China,Hangzhou,220.191.186.35,8081,WVS,
218.75.82.38:88,,China,Hangzhou,218.75.82.38,88,WVS,
60.191.47.166:8081,,China,Hangzhou,60.191.47.166,8081,WVS,
122.228.143.180:88,,China,Wenzhou,122.228.143.180,88,WVS,
i.wapsh.net,,China,Huzhou,115.231.251.91,80,WVS,
60.12.222.120,,China,Ningbo,60.12.222.120,80,nginx/1.12.0,
111.1.78.210:8090,,China,Shaoxing,111.1.78.210,8090,Resin/3.1.8,
60.12.93.178,,China,Ningbo,60.12.93.178,80,WVS,
115.221.82.128:8888,,China,Wenzhou,115.221.82.128,8888,Resin/3.1.8,
183.131.90.38:8081,,China,Shaoxing,183.131.90.38,8081,***********,
https://183.129.149.42,,China,Hangzhou,183.129.149.42,443,nginx/1.12.2,
61.174.24.2:8008,,China,Ningbo,61.174.24.2,8008,Resin/3.1.8,
61.164.67.34,,China,Xushan,61.164.67.34,80,WVS,
112.14.135.186:5000,,China,Shaoxing,112.14.135.186,5000,Resin/3.1.8,
https://61.153.250.107,,China,Hangzhou,61.153.250.107,443,nginx/1.12.1,
115.221.113.130:8090,,China,Wenzhou,115.221.113.130,8090,Resin/4.0.58,
218.0.1.115:8081,,China,Hangzhou,218.0.1.115,8081,WVS,
122.227.37.2:8888,,China,Yiwu,122.227.37.2,8888,WVS,
123.157.155.203:88,,China,Hangzhou,123.157.155.203,88,Resin/3.1.8,
112.13.199.143:81,,China,Hangzhou,112.13.199.143,81,WVS,
124.160.62.251:800,,China,Hangzhou,124.160.62.251,800,WVS,
115.233.213.117:8098,,China,Hangzhou,115.233.213.117,8098,WVS,
112.14.16.79:8082,,China,Wenzhou,112.14.16.79,8082,WVS,
218.75.9.182:88,,China,Wenzhou,218.75.9.182,88,Resin/3.1.8,
112.16.33.163:82,,China,Wenzhou,112.16.33.163,82,WVS,
183.129.166.106:8099,,China,Hangzhou,183.129.166.106,8099,WVS,
61.175.234.202:8088,,China,,61.175.234.202,8088,WVS,
122.227.128.122,,China,Ningbo,122.227.128.122,80,Resin/3.1.8,
101.68.70.247:8080,,China,Hangzhou,101.68.70.247,8080,WVS,
https://60.190.193.222:8443,,China,Shaoxing,60.190.193.222,8443,WVS,
60.190.193.222:8081,,China,Shaoxing,60.190.193.222,8081,WVS,
122.225.192.132,,China,Hangzhou,122.225.192.132,80,WVS,
112.11.223.198:88,,China,Huzhou,112.11.223.198,88,WVS,
122.225.198.206:8888,,China,Hangzhou,122.225.198.206,8888,WVS,
60.12.223.251,,China,Ningbo,60.12.223.251,80,Resin/3.1.8,
122.227.139.198:8080,,China,Ningbo,122.227.139.198,8080,WVS,
117.149.20.154:81,,China,Shaoxing,117.149.20.154,81,WVS,
115.236.13.186:8089,,China,Hangzhou,115.236.13.186,8089,Tegine,
122.227.131.234:9091,,China,Ningbo,122.227.131.234,9091,WVS,
122.228.169.150:88,,China,Wenzhou,122.228.169.150,88,WVS,
60.191.73.99,,China,Hangzhou,60.191.73.99,80,WVS,
220.189.241.54:8080,,China,Linhai,220.189.241.54,8080,Tegine,
122.225.197.158:8081,,China,Hangzhou,122.225.197.158,8081,WVS,
https://125.123.87.240:8443,,China,Jiaxing,125.123.87.240,8443,WVS,
111.1.85.73:8889,,China,Wenzhou,111.1.85.73,8889,WVS,
218.75.64.180:81,,China,Hangzhou,218.75.64.180,81,WVS,
111.0.67.181:8089,,China,Fangjiatang,111.0.67.181,8089,WVS,
60.190.136.58:8088,,China,Tongxiang,60.190.136.58,8088,WVS,
https://60.190.154.59,,China,Haining,60.190.154.59,443,nginx,
123.157.143.230:8088,,China,Hangzhou,123.157.143.230,8088,WVS,
123.157.143.226:8088,,China,Hangzhou,123.157.143.226,8088,WVS,
123.157.143.228:8088,,China,Hangzhou,123.157.143.228,8088,WVS,
61.164.38.3,,China,Hangzhou,61.164.38.3,80,WVS,
122.227.130.206:8089,,China,Ningbo,122.227.130.206,8089,WVS,
61.164.81.210,,China,Ningbo,61.164.81.210,80,WVS,
60.191.102.54:8081,,China,Hangzhou,60.191.102.54,8081,WVS,
183.129.139.218,,China,Hangzhou,183.129.139.218,80,WVS,
202.101.164.131,,China,Hangzhou,202.101.164.131,80,WVS,
183.129.220.26:81,,China,Hangzhou,183.129.220.26,81,WVS,
111.1.66.187:81,,China,Shaoxing,111.1.66.187,81,WVS,
101.68.68.182:8088,,China,Hangzhou,101.68.68.182,8088,WVS,
123.157.157.22,,China,Hangzhou,123.157.157.22,80,WVS,
61.164.69.36:9000,,China,Xushan,61.164.69.36,9000,Resin/3.1.8,
124.90.32.134:8080,,China,Hangzhou,124.90.32.134,8080,nginx,
115.238.71.50:8090,,China,Hangzhou,115.238.71.50,8090,WVS,
122.224.128.50:9999,,China,Hangzhou,122.224.128.50,9999,Resin/4.0.58,
122.224.128.116:82,,China,Hangzhou,122.224.128.116,82,WVS,
60.12.15.6:9000,,China,Hangzhou,60.12.15.6,9000,WVS,
60.191.97.34:18080,,China,Hangzhou,60.191.97.34,18080,Resin/3.1.8,
115.239.162.2:8081,,China,Shaoxing,115.239.162.2,8081,WVS,
60.12.216.108:8888,,China,Ningbo,60.12.216.108,8888,WVS,
122.224.67.46:8080,,China,Hangzhou,122.224.67.46,8080,WVS,
123.157.218.166:88,,China,Hangzhou,123.157.218.166,88,Tegine,
115.239.170.202:8081,,China,Shaoxing,115.239.170.202,8081,WVS,
115.238.134.158:9080,,China,Ningbo,115.238.134.158,9080,WVS,
111.1.189.198:9080,,China,Tongxiang,111.1.189.198,9080,WVS,
60.190.196.170,,China,Shaoxing,60.190.196.170,80,WVS,
115.233.213.18:81,,China,Hangzhou,115.233.213.18,81,WVS,
61.174.19.106,,China,Ningbo,61.174.19.106,80,WVS,
220.191.179.78:8088,,China,Pinghu,220.191.179.78,8088,WVS,
wsloa.wensli.com:88,,China,Hangzhou,183.129.165.51,88,Tegine,
183.129.168.10:8080,,China,Hangzhou,183.129.168.10,8080,Resin/3.1.8,
https://125.123.87.158:8443,,China,Jiaxing,125.123.87.158,8443,WVS,
60.12.216.13:8081,,China,Ningbo,60.12.216.13,8081,WVS,
60.12.216.13:8080,,China,Ningbo,60.12.216.13,8080,WVS,
https://60.12.3.26,,China,Hangzhou,60.12.3.26,443,Resin/3.1.8,
202.96.127.218,,China,Quzhou,202.96.127.218,80,WVS,
oa.chinacanaan.com,,China,Quzhou,202.96.127.218,80,WVS,
https://202.96.127.218,,China,Quzhou,202.96.127.218,443,nginx/1.10.2,
112.14.147.218:9090,,China,Shaoxing,112.14.147.218,9090,WVS,
60.179.70.202:8088,,China,Ningbo,60.179.70.202,8088,WVS,
61.164.90.254:88,,China,Ningbo,61.164.90.254,88,WVS,
122.225.238.190:8089,,China,Jiaxing,122.225.238.190,8089,WVS,
117.149.91.172:8888,,China,Shaoxing,117.149.91.172,8888,WVS,
61.164.81.34:8088,,China,Ningbo,61.164.81.34,8088,WVS,
101.68.81.123:8888,,China,Hangzhou,101.68.81.123,8888,WVS,
oa.jgsteel.cn,,China,Hangzhou,123.157.147.155,80,Tegine,
220.191.236.179:8080,,China,Taizhou,220.191.236.179,8080,WVS,
115.236.71.62:8081,,China,Hangzhou,115.236.71.62,8081,Resin/3.1.8,
61.174.19.106:8081,,China,Ningbo,61.174.19.106,8081,WVS,
112.16.168.226,,China,Ningbo,112.16.168.226,80,nginx/1.12.0,
220.189.208.156:5000,,China,Hangzhou,220.189.208.156,5000,WVS,
60.183.59.122:9999,,China,Shaoxing,60.183.59.122,9999,WVS,
https://115.192.252.180:6001,,China,Hangzhou,115.192.252.180,6001,nginx,
60.12.187.133,,China,Ningbo,60.12.187.133,80,Tegine,
61.174.212.246:8081,,China,Shaoxing,61.174.212.246,8081,WVS,
61.130.111.18:8088,,China,Ningbo,61.130.111.18,8088,WVS,
112.13.89.101:8888,,China,Hangzhou,112.13.89.101,8888,Resin/4.0.58,
101.68.82.219:5000,,China,Hangzhou,101.68.82.219,5000,WVS,
https://122.224.160.234,,China,Hangzhou,122.224.160.234,443,nginx,
101.68.79.210:9001,,China,Hangzhou,101.68.79.210,9001,Tegine,
115.236.92.242:8888,,China,Hangzhou,115.236.92.242,8888,Resin/3.1.8,
220.191.224.24:8081,,China,Yuyao,220.191.224.24,8081,Resin/3.1.8,
122.224.76.215,,China,Hangzhou,122.224.76.215,80,WVS,
101.71.120.233:8080,,China,Hangzhou,101.71.120.233,8080,WVS,
122.224.124.226:8000,,China,Hangzhou,122.224.124.226,8000,WVS,
61.164.67.34:88,,China,Xushan,61.164.67.34,88,Tegine,
218.75.32.6:8090,,China,Wenzhou,218.75.32.6,8090,WVS,
122.225.221.146:82,,China,Hangzhou,122.225.221.146,82,WVS,
122.224.99.242:8083,,China,Hangzhou,122.224.99.242,8083,WVS,
61.153.62.82:8080,,China,Wenzhou,61.153.62.82,8080,nginx,
218.75.82.202:88,,China,Hangzhou,218.75.82.202,88,Tegine,
61.153.50.38:7080,,China,Wenzhou,61.153.50.38,7080,WVS,
61.153.51.218:88,,China,Wenzhou,61.153.51.218,88,WVS,
183.129.134.235:8081,,China,Hangzhou,183.129.134.235,8081,WVS,
oa.wfjyjt.com,,China,Linhai,220.189.231.115,80,Resin/4.0.58,
220.189.231.115,,China,Linhai,220.189.231.115,80,Resin/4.0.58,
60.12.177.23:8090,,China,Ningbo,60.12.177.23,8090,Tegine,
122.227.136.70:8088,,China,Ningbo,122.227.136.70,8088,WVS,
183.129.221.131:8081,,China,Hangzhou,183.129.221.131,8081,Tengine,
223.94.44.86,,China,Ningbo,223.94.44.86,80,nginx/1.17.8,
220.189.233.114:8000,,China,Linhai,220.189.233.114,8000,WVS,
122.227.136.114:8088,,China,Ningbo,122.227.136.114,8088,WVS,
115.231.194.194,,China,Shaoxing,115.231.194.194,80,nginx,
111.1.180.70:8008,,China,Tongxiang,111.1.180.70,8008,Resin/4.0.58,
60.183.51.34:9999,,China,Shaoxing,60.183.51.34,9999,WVS,
60.190.51.205,,China,Ningbo,60.190.51.205,80,WVS,
122.228.132.92:1998,,China,Wenzhou,122.228.132.92,1998,Resin/3.1.8,
183.245.117.197:88,,China,Wenzhou,183.245.117.197,88,WVS,
123.157.152.46:88,,China,Hangzhou,123.157.152.46,88,WVS,
122.228.168.134:8889,,China,Wenzhou,122.228.168.134,8889,Tegine,
220.189.226.66:8081,,China,Linhai,220.189.226.66,8081,WVS,
122.228.152.138:88,,China,Wenzhou,122.228.152.138,88,Resin/3.1.8,
218.75.2.162:8086,,China,Wenzhou,218.75.2.162,8086,WVS,
122.225.75.54:81,,China,Haining,122.225.75.54,81,Tegine,
61.153.203.86:8081,,China,Taizhou,61.153.203.86,8081,Resin/3.1.8,
124.90.32.131,,China,Hangzhou,124.90.32.131,80,nginx/1.10.2,
123.157.19.134:9999,,China,Lanxi,123.157.19.134,9999,Resin/3.1.8,
123.157.19.134:8081,,China,Lanxi,123.157.19.134,8081,Resin/3.1.8,
36.22.176.46,,China,Tongxiang,36.22.176.46,80,WVS,
https://60.190.49.42:8443,,China,Ningbo,60.190.49.42,8443,WVS,
60.191.35.118:81,,China,Hangzhou,60.191.35.118,81,WVS,
183.246.181.162,,China,Shanhu,183.246.181.162,80,WVS,
60.190.139.42,,China,Tongxiang,60.190.139.42,80,WVS,
61.164.93.146,,China,Ningbo,61.164.93.146,80,WVS,
60.12.52.242:81,,China,Wenzhou,60.12.52.242,81,WVS,
220.184.81.210:8888,,China,Hangzhou,220.184.81.210,8888,WVS,
61.164.80.202:8000,,China,Ningbo,61.164.80.202,8000,WVS,
183.129.168.74:8888,,China,Hangzhou,183.129.168.74,8888,WVS,
115.231.251.174:81,,China,Huzhou,115.231.251.174,81,Resin/3.1.8,
112.14.142.42:8088,,China,Shaoxing,112.14.142.42,8088,WVS,
oa.hailiang.com,,China,Shaoxing,60.190.198.11,80,nginx/1.12.2,
61.130.96.110:8000,,China,Ningbo,61.130.96.110,8000,WVS,
https://101.68.70.248,,China,Hangzhou,101.68.70.248,443,nginx/1.12.2,
oa.zjlpjs.com:8282,,China,Wenzhou,122.228.178.75,8282,WVS,
https://122.224.173.250,,China,Hangzhou,122.224.173.250,443,nginx/1.16.1,
oa.netopstec.com,,China,Hangzhou,122.224.173.250,80,nginx/1.16.1,
60.190.170.78:8088,,China,Haining,60.190.170.78,8088,WVS,
115.238.93.234:8889,,China,Hangzhou,115.238.93.234,8889,Resin/4.0.58,
101.68.70.117,,China,Hangzhou,101.68.70.117,80,WVS,
115.236.81.74:9001,,China,Hangzhou,115.236.81.74,9001,WVS,
123.157.232.74:8089,,China,Hangzhou,123.157.232.74,8089,Resin/3.1.8,
183.129.180.90:8090,,China,Hangzhou,183.129.180.90,8090,Resin/3.1.8,
36.22.179.46:8086,,China,Tongxiang,36.22.179.46,8086,WVS,
61.130.112.70:8086,,China,Ningbo,61.130.112.70,8086,Resin/3.1.8,
183.245.125.96:88,,China,Wenzhou,183.245.125.96,88,Resin/4.0.58,
122.224.101.78,,China,Hangzhou,122.224.101.78,80,Tegine,
220.189.228.158:8081,,China,Linhai,220.189.228.158,8081,ASG/2.01.04,
60.191.89.186:2222,,China,Hangzhou,60.191.89.186,2222,Resin/3.1.8,
123.157.143.229:8088,,China,Hangzhou,123.157.143.229,8088,WVS,
112.17.140.26:8002,,China,Hangzhou,112.17.140.26,8002,Resin/4.0.58,
123.157.143.227:8088,,China,Hangzhou,123.157.143.227,8088,WVS,
221.12.57.126:8088,,China,Ningbo,221.12.57.126,8088,Resin/3.1.8,
61.174.171.218:8081,,China,Hangzhou,61.174.171.218,8081,WVS,
122.228.128.108,,China,Wenzhou,122.228.128.108,80,Resin/4.0.58,
218.75.26.236:8087,,China,Wenzhou,218.75.26.236,8087,WVS,
61.175.209.210:8088,,China,Hangzhou,61.175.209.210,8088,Resin/4.0.58,
oa.marssenger.com:7070,,China,Tongxiang,60.190.141.154,7070,WVS,
112.14.187.138:8090,,China,Shaoxing,112.14.187.138,8090,WVS,
112.14.142.43:8090,,China,Shaoxing,112.14.142.43,8090,WVS,
fanweioa.zjopai.net:880,,China,Lishui,218.72.252.162,880,WVS,
oa.yaoshagroup.com:8989,,China,Hangzhou,115.236.172.235,8989,WVS,
122.228.163.94:8089,,China,Wenzhou,122.228.163.94,8089,WVS,
jxsjchem.com,,China,Ningbo,60.12.93.178,80,WVS,
60.12.14.22:88,,China,Hangzhou,60.12.14.22,88,Resin/4.0.58,
183.129.145.227,,China,Hangzhou,183.129.145.227,80,nginx/1.10.2,
61.174.19.106:8080,,China,Ningbo,61.174.19.106,8080,WVS,
183.129.165.100,,China,Hangzhou,183.129.165.100,80,WVS,
115.239.160.190:8088,,China,Shaoxing,115.239.160.190,8088,Tegine,
115.239.167.194:8081,,China,Shaoxing,115.239.167.194,8081,Resin/4.0.58,
oa.chinayinyi.com,,China,Ningbo,60.190.51.205,80,WVS,
61.164.91.90:8081,,China,Ningbo,61.164.91.90,8081,WVS,
115.233.213.117:8099,,China,Hangzhou,115.233.213.117,8099,Tegine,
112.13.94.114:8089,,China,Hangzhou,112.13.94.114,8089,WVS,
112.14.6.12,,China,Wenzhou,112.14.6.12,80,Resin/3.1.8,
218.75.90.210:8888,,China,Hangzhou,218.75.90.210,8888,WVS,
218.75.19.98:9999,,China,Wenzhou,218.75.19.98,9999,WVS,
https://221.12.100.38,,China,Linhai,221.12.100.38,443,nginx,
122.224.134.149,,China,Hangzhou,122.224.134.149,80,nginx,
115.236.52.61,,China,Hangzhou,115.236.52.61,80,***,
https://112.16.83.219:8443,,China,Huzhou,112.16.83.219,8443,WVS,
218.108.18.171,,China,Hangzhou,218.108.18.171,80,WVS,
122.227.33.4:8081,,China,Yiwu,122.227.33.4,8081,WVS,
223.94.49.138:8083,,China,Ningbo,223.94.49.138,8083,WVS,
122.228.163.94:8088,,China,Wenzhou,122.228.163.94,8088,WVS,
125.119.207.215:8088,,China,Hangzhou,125.119.207.215,8088,WVS,
111.1.94.215:8081,,China,Wenzhou,111.1.94.215,8081,WVS,
115.231.255.86:88,,China,Huzhou,115.231.255.86,88,WVS,
124.160.26.171:9090,,China,Hangzhou,124.160.26.171,9090,Resin/4.0.58,
115.236.70.246:81,,China,Hangzhou,115.236.70.246,81,WVS,
61.164.81.210:7080,,China,Ningbo,61.164.81.210,7080,WVS,
218.75.45.67:18080,,China,Wenzhou,218.75.45.67,18080,WVS,
112.14.8.167:8081,,China,Wenzhou,112.14.8.167,8081,WVS,
223.93.69.239:8888,,China,Hangzhou,223.93.69.239,8888,WVS,
218.75.86.254:8088,,China,Hangzhou,218.75.86.254,8088,WVS,
61.153.233.138:8000,,China,Jiaxing,61.153.233.138,8000,Resin/3.1.8,
oa.ciec.com:9908,,China,Quzhou,202.96.99.37,9908,nginx,
122.228.181.122,,China,Wenzhou,122.228.181.122,80,WVS,
112.16.168.202:9001,,China,Ningbo,112.16.168.202,9001,WVS,
112.53.128.156:8080,,China,Hangzhou,112.53.128.156,8080,nginx,
122.225.228.170:8080,,China,Hangzhou,122.225.228.170,8080,WVS,
112.16.106.205:88,,China,Huzhou,112.16.106.205,88,WVS,
112.17.169.13:8089,,China,Hangzhou,112.17.169.13,8089,WVS,
https://125.123.87.106:8443,,China,Jiaxing,125.123.87.106,8443,WVS,
115.195.40.155:8086,,China,Hangzhou,115.195.40.155,8086,WVS,
115.238.93.234:9001,,China,Hangzhou,115.238.93.234,9001,Resin/4.0.58,
112.16.3.90:1998,,China,Wenzhou,112.16.3.90,1998,Resin/3.1.8,
60.190.141.154:7080,,China,Tongxiang,60.190.141.154,7080,Tegine,
220.191.173.19:8089,,China,Ningbo,220.191.173.19,8089,WVS,
220.189.235.66:8088,,China,Linhai,220.189.235.66,8088,Resin/3.1.8,
124.160.92.122:85,,China,Hangzhou,124.160.92.122,85,Resin/3.1.8,
122.224.75.8:8080,,China,Hangzhou,122.224.75.8,8080,Resin/3.1.8,
183.129.232.116:81,,China,Hangzhou,183.129.232.116,81,Resin/3.1.8,
112.14.18.36:8088,,China,Wenzhou,112.14.18.36,8088,WVS,
60.190.141.154:7070,,China,Tongxiang,60.190.141.154,7070,WVS,
124.160.27.118:800,,China,Hangzhou,124.160.27.118,800,nginx/1.18.0,
61.153.235.86:11001,,China,Jiaxing,61.153.235.86,11001,WVS,
218.75.76.37:9000,,China,Hangzhou,218.75.76.37,9000,WVS,
220.189.213.76,,China,Hangzhou,220.189.213.76,80,nginx/1.12.2,
60.12.137.82:8081,,China,Hangzhou,60.12.137.82,8081,Resin/3.1.8,
60.12.76.67,,China,Ningbo,60.12.76.67,80,WVS,
60.12.76.68,,China,Ningbo,60.12.76.68,80,WVS,
211.138.109.180,,China,Ningbo,211.138.109.180,80,WVS,
112.12.71.214:8089,,China,Jinhua,112.12.71.214,8089,Resin/3.1.8,
115.236.88.130:86,,China,Hangzhou,115.236.88.130,86,WVS,
60.12.185.130,,China,Ningbo,60.12.185.130,80,Resin/3.1.8,
115.238.87.198:81,,China,Hangzhou,115.238.87.198,81,WVS,
112.13.89.151:88,,China,Hangzhou,112.13.89.151,88,WVS,
60.190.136.42:8088,,China,Tongxiang,60.190.136.42,8088,WVS,
220.189.226.138:8081,,China,Linhai,220.189.226.138,8081,Resin/4.0.58,
112.53.128.148:9981,,China,Hangzhou,112.53.128.148,9981,WVS,
117.148.152.19:8081,,China,Jinhua,117.148.152.19,8081,WVS,
220.191.236.155:8088,,China,Taizhou,220.191.236.155,8088,WVS,
218.75.2.130:8000,,China,Wenzhou,218.75.2.130,8000,Tegine,
112.14.2.149:9090,,China,Wenzhou,112.14.2.149,9090,Resin/3.1.8,
oa.jasonwood.com.cn,,China,Hangzhou,122.224.76.215,80,WVS,
https://123.157.221.189,,China,Hangzhou,123.157.221.189,443,WVS,
61.164.94.198:9090,,China,Ningbo,61.164.94.198,9090,ASG/2.01.00,
oa.jason-china.com,,China,Tongxiang,36.22.176.46,80,WVS,
60.12.89.86:7080,,China,Ningbo,60.12.89.86,7080,Resin/3.1.8,
122.224.168.50:8888,,China,Hangzhou,122.224.168.50,8888,WVS,
60.179.70.114:8088,,China,Ningbo,60.179.70.114,8088,WVS,
oa.likeda.com.cn,,China,Wenzhou,122.228.181.122,80,WVS,
61.174.213.114:8081,,China,Shaoxing,61.174.213.114,8081,Resin/3.1.8,
112.14.59.165:8081,,China,Wenzhou,112.14.59.165,8081,WVS,
122.233.194.223:8090,,China,Hangzhou,122.233.194.223,8090,WVS,
61.164.81.242:8089,,China,Ningbo,61.164.81.242,8089,WVS,
218.92.194.190:85,,China,Hangzhou,218.92.194.190,85,Tegine,
60.191.106.50:8081,,China,Hangzhou,60.191.106.50,8081,Tegine,
60.191.24.66:8081,,China,Hangzhou,60.191.24.66,8081,Resin/3.1.8,
115.239.175.164:8081,,China,Shaoxing,115.239.175.164,8081,WVS,
218.92.201.210:85,,China,Hangzhou,218.92.201.210,85,Resin/3.1.8,
223.94.37.227:8088,,China,Ningbo,223.94.37.227,8088,WVS,
https://183.129.138.20,,China,Hangzhou,183.129.138.20,443,Resin/3.1.8,
218.73.138.18:8090,,China,Wenzhou,218.73.138.18,8090,Resin/4.0.58,
112.14.7.23:8088,,China,Wenzhou,112.14.7.23,8088,WVS,
60.12.216.96,,China,Ningbo,60.12.216.96,80,WVS,
115.231.251.93:8081,,China,Huzhou,115.231.251.93,8081,Resin/3.1.8,
122.224.77.66:88,,China,Hangzhou,122.224.77.66,88,WVS,
60.191.17.226:800,,China,Hangzhou,60.191.17.226,800,Resin/3.1.8,
124.160.62.170:8888,,China,Hangzhou,124.160.62.170,8888,WVS,
https://124.160.62.251:801,,China,Hangzhou,124.160.62.251,801,nginx,
117.149.227.40:8087,,China,Hangzhou,117.149.227.40,8087,Resin/4.0.58,
122.225.228.170:9000,,China,Hangzhou,122.225.228.170,9000,WVS,
218.75.56.37:8088,,China,Wenzhou,218.75.56.37,8088,WVS,
124.160.78.214:8085,,China,Hangzhou,124.160.78.214,8085,WVS,
https://183.129.210.219:8889,,China,Hangzhou,183.129.210.219,8889,nginx,
115.203.246.110:8090,,China,Taizhou,115.203.246.110,8090,WVS,
122.227.160.70:8088,,China,Ningbo,122.227.160.70,8088,Tegine,
61.164.90.106:8082,,China,Ningbo,61.164.90.106,8082,Resin/4.0.58,
122.224.244.226:8888,,China,Zhuji,122.224.244.226,8888,WVS,
61.164.93.66:8081,,China,Ningbo,61.164.93.66,8081,WVS,
122.228.182.178:8888,,China,Wenzhou,122.228.182.178,8888,WVS,
115.236.92.74:8080,,China,Hangzhou,115.236.92.74,8080,WVS,
122.228.156.206:88,,China,Wenzhou,122.228.156.206,88,Resin/3.1.8,
https://112.13.199.143:8443,,China,Hangzhou,112.13.199.143,8443,WVS,
https://122.224.76.215,,China,Hangzhou,122.224.76.215,443,WVS,
125.110.157.110:88,,China,Wenzhou,125.110.157.110,88,Tegine,
218.0.7.133,,China,Hangzhou,218.0.7.133,80,Resin/3.1.8,
112.14.37.80:8087,,China,Wenzhou,112.14.37.80,8087,WVS,
https://122.234.134.159:6001,,China,Hangzhou,122.234.134.159,6001,nginx,
122.227.162.70:8088,,China,Ningbo,122.227.162.70,8088,WVS,
60.176.126.235:8888,,China,Hangzhou,60.176.126.235,8888,WVS,
218.75.11.68,,China,Wenzhou,218.75.11.68,80,WVS,
117.149.225.73:88,,China,Hangzhou,117.149.225.73,88,Resin/3.1.8,
60.12.221.18:8090,,China,Ningbo,60.12.221.18,8090,WVS,
122.228.188.206:88,,China,Wenzhou,122.228.188.206,88,Resin/3.1.8,
125.120.119.199:8008,,China,Hangzhou,125.120.119.199,8008,Resin/3.1.8,
122.227.140.30:999,,China,Ningbo,122.227.140.30,999,Resin/4.0.58,
124.160.11.68:8081,,China,Hangzhou,124.160.11.68,8081,WVS,
115.231.248.74:8090,,China,Huzhou,115.231.248.74,8090,Resin/3.1.8,
111.1.93.176:8081,,China,Wenzhou,111.1.93.176,8081,WVS,
60.12.52.157:88,,China,Wenzhou,60.12.52.157,88,WVS,
60.190.98.122:8080,,China,Wenzhou,60.190.98.122,8080,WVS,
60.185.245.23:8888,,China,Zhoushan,60.185.245.23,8888,Resin/4.0.58,
122.225.203.62,,China,Hangzhou,122.225.203.62,80,WVS,
218.75.117.220:88,,China,Hangzhou,218.75.117.220,88,WVS,
https://61.153.248.106,,China,Hangzhou,61.153.248.106,443,WVS,
60.188.130.98:8091,,China,Taizhou,60.188.130.98,8091,WVS,
https://115.196.174.161:6001,,China,Hangzhou,115.196.174.161,6001,nginx,
124.160.74.198:8888,,China,Hangzhou,124.160.74.198,8888,WVS,
rfid.wzpit.com,,China,Wenzhou,122.228.134.14,80,Resin/3.1.8,
117.148.151.36:8888,,China,Jinhua,117.148.151.36,8888,WVS,
115.221.121.69:8090,,China,Wenzhou,115.221.121.69,8090,Resin/4.0.58,
61.153.213.85:85,,China,Taizhou,61.153.213.85,85,WVS,
112.14.142.42,,China,Shaoxing,112.14.142.42,80,WVS,
202.96.127.221,,China,Quzhou,202.96.127.221,80,WVS,
202.96.127.222,,China,Quzhou,202.96.127.222,80,WVS,
183.129.204.26:8888,,China,Hangzhou,183.129.204.26,8888,WVS,
60.12.210.31:8088,,China,Ningbo,60.12.210.31,8088,WVS,
125.104.201.104:8082,,China,Taizhou,125.104.201.104,8082,Resin/3.1.8,
124.160.61.85:85,,China,Hangzhou,124.160.61.85,85,WVS,
115.238.69.187:8888,,China,Hangzhou,115.238.69.187,8888,Resin/3.1.8,
60.190.50.214,,China,Ningbo,60.190.50.214,80,WVS,
111.0.123.77,,China,Fangjiatang,111.0.123.77,80,Resin/3.1.8,
https://60.12.250.100,,China,Ningbo,60.12.250.100,443,Resin/3.1.8,
122.227.162.30,,China,Ningbo,122.227.162.30,80,WVS,
61.164.93.68:8081,,China,Ningbo,61.164.93.68,8081,WVS,
183.245.121.75,,China,Wenzhou,183.245.121.75,80,nginx/1.12.2,
112.11.230.105,,China,Huzhou,112.11.230.105,80,WVS,
114.217.124.169:8090,,China,Hangzhou,114.217.124.169,8090,WVS,
122.241.194.104:9090,,China,Lishui,122.241.194.104,9090,WVS,
112.14.147.218,,China,Shaoxing,112.14.147.218,80,WVS,
115.236.173.41,,China,Hangzhou,115.236.173.41,80,WVS,
112.14.36.109,,China,Wenzhou,112.14.36.109,80,nginx/1.10.2,
122.224.160.26,,China,Hangzhou,122.224.160.26,80,WVS,
220.189.215.123,,China,Hangzhou,220.189.215.123,80,WVS,
220.189.215.124,,China,Hangzhou,220.189.215.124,80,WVS,
115.213.169.165:9090,,China,Lishui,115.213.169.165,9090,WVS,
112.13.110.134,,China,Hangzhou,112.13.110.134,80,nginx/1.17.9,
123.157.147.155,,China,Hangzhou,123.157.147.155,80,Tegine,
123.157.211.205,,China,Hangzhou,123.157.211.205,80,nginx/1.12.2,
61.130.100.5,,China,Xihu,61.130.100.5,80,WVS,
115.233.213.18:8088,,China,Hangzhou,115.233.213.18,8088,WVS,
223.95.118.206,,China,Hangzhou,223.95.118.206,80,WVS,
125.118.26.53:8090,,China,Hangzhou,125.118.26.53,8090,WVS,
218.108.111.173,,China,Hangzhou,218.108.111.173,80,WVS,
newoa.yafco.com,,China,Hangzhou,183.129.145.227,80,nginx/1.10.2,
www.nceg.com.cn:7888,,China,Ningbo,61.130.112.178,7888,WVS,
122.227.136.27,,China,Ningbo,122.227.136.27,80,nginx/1.10.2,
115.236.86.195:8081,,China,Hangzhou,115.236.86.195,8081,WVS,
115.236.69.26:8080,,China,Hangzhou,115.236.69.26,8080,Resin/4.0.58,
oa.3tgroup.cn,,China,Hangzhou,115.236.65.194,80,openresty,
https://115.236.65.194,,China,Hangzhou,115.236.65.194,443,openresty,
60.176.171.111:8086,,China,Hangzhou,60.176.171.111,8086,WVS,
fw.guxiandao.com,,China,Linhai,220.189.230.109,80,WVS,
61.175.220.186:83,,China,Hangzhou,61.175.220.186,83,WVS,
115.236.162.186:8001,,China,Hangzhou,115.236.162.186,8001,Resin/4.0.58,
115.238.47.54:8181,,China,Hangzhou,115.238.47.54,8181,Resin/3.1.8,
https://117.148.168.138:8443,,China,Hangzhou,117.148.168.138,8443,Resin/3.1.8,
101.68.86.7,,China,Hangzhou,101.68.86.7,80,WVS,
123.153.4.240:8091,,China,Taizhou,123.153.4.240,8091,WVS,
122.225.238.194:8085,,China,Jiaxing,122.225.238.194,8085,WVS,
183.129.213.138:8888,,China,Hangzhou,183.129.213.138,8888,Tegine,
122.228.163.94:9999,,China,Wenzhou,122.228.163.94,9999,WVS,
122.224.133.108,,China,Hangzhou,122.224.133.108,80,WVS,
61.164.92.126:89,,China,Ningbo,61.164.92.126,89,WVS,
218.75.72.165:8089,,China,Hangzhou,218.75.72.165,8089,Tegine,
122.234.152.55:8888,,China,Hangzhou,122.234.152.55,8888,WVS,
https://115.197.16.95:6001,,China,Hangzhou,115.197.16.95,6001,nginx,
https://115.236.173.41,,China,Hangzhou,115.236.173.41,443,WVS,
60.12.102.231,,China,Ningbo,60.12.102.231,80,Tegine,
https://115.231.254.110,,China,Huzhou,115.231.254.110,443,nginx/1.12.1,
223.94.40.79:89,,China,Ningbo,223.94.40.79,89,Resin/4.0.58,
115.193.35.184:9999,,China,Hangzhou,115.193.35.184,9999,Tegine,
60.183.54.138:9999,,China,Shaoxing,60.183.54.138,9999,WVS,
60.190.197.29,,China,Shaoxing,60.190.197.29,80,WVS,
115.238.47.58:8181,,China,Hangzhou,115.238.47.58,8181,WVS,
117.149.29.214:8181,,China,Shaoxing,117.149.29.214,8181,Resin/4.0.58,
112.14.31.147,,China,Wenzhou,112.14.31.147,80,WVS,
183.129.150.246:88,,China,Hangzhou,183.129.150.246,88,Resin/4.0.58,
183.129.150.245:88,,China,Hangzhou,183.129.150.245,88,Resin/4.0.58,
183.129.150.243:88,,China,Hangzhou,183.129.150.243,88,Resin/4.0.58,
60.12.67.170,,China,Ningbo,60.12.67.170,80,nginx,
122.224.170.178,,China,Hangzhou,122.224.170.178,80,WVS,
183.129.150.244:88,,China,Hangzhou,183.129.150.244,88,Resin/4.0.58,
218.108.27.10,,China,Hangzhou,218.108.27.10,80,WVS,
61.174.171.124,,China,Hangzhou,61.174.171.124,80,Tegine,
115.213.169.146:9090,,China,Lishui,115.213.169.146,9090,Tegine,
115.204.220.45:8888,,China,Hangzhou,115.204.220.45,8888,WVS,
122.228.134.14,,China,Wenzhou,122.228.134.14,80,WVS,
60.12.241.70:8888,,China,Ningbo,60.12.241.70,8888,Tegine,
https://218.75.15.181,,China,Wenzhou,218.75.15.181,443,nginx,
https://218.75.15.180,,China,Wenzhou,218.75.15.180,443,nginx,
https://218.75.15.179,,China,Wenzhou,218.75.15.179,443,nginx,
https://218.75.15.182,,China,Wenzhou,218.75.15.182,443,nginx,
60.12.216.108:5222,,China,Ningbo,60.12.216.108,5222,Resin/3.1.8,
60.190.152.162:85,,China,Haining,60.190.152.162,85,Tegine,
122.224.75.2,,China,Hangzhou,122.224.75.2,80,WVS,
183.131.241.170:89,,China,Ningbo,183.131.241.170,89,Resin/4.0.58,
115.236.173.138:81,,China,Hangzhou,115.236.173.138,81,WVS,
61.153.55.130:88,,China,Wenzhou,61.153.55.130,88,Resin/4.0.58,
124.90.45.226,,China,Hangzhou,124.90.45.226,80,Resin/3.1.8,
https://122.233.43.44:6001,,China,Hangzhou,122.233.43.44,6001,nginx,
115.221.113.37:8090,,China,Wenzhou,115.221.113.37,8090,Resin/4.0.58,
60.191.40.206:8181,,China,Hangzhou,60.191.40.206,8181,WVS,
123.96.205.240:8888,,China,Zhoushan,123.96.205.240,8888,Resin/4.0.58,
https://124.90.252.177:8443,,China,Hangzhou,124.90.252.177,8443,Resin/4.0.58,
60.183.48.189:9999,,China,Shaoxing,60.183.48.189,9999,WVS,
218.75.26.36,,China,Wenzhou,218.75.26.36,80,Tegine,
https://124.160.78.106,,China,Hangzhou,124.160.78.106,443,nginx/1.12.0,
122.224.74.35,,China,Hangzhou,122.224.74.35,80,Tegine,
ssotest.cetc36.cn,,China,Shanhu,183.246.181.162,80,WVS,
183.246.181.162:1080,,China,Shanhu,183.246.181.162,1080,WVS,
183.131.242.75:8088,,China,Ningbo,183.131.242.75,8088,WVS,
122.228.152.42:81,,China,Wenzhou,122.228.152.42,81,WVS,
122.224.75.7:85,,China,Hangzhou,122.224.75.7,85,Resin/3.1.8,
122.224.75.3:85,,China,Hangzhou,122.224.75.3,85,WVS,
101.69.249.245:8181,,China,Hangzhou,101.69.249.245,8181,Resin/3.1.8,
124.160.78.214:8084,,China,Hangzhou,124.160.78.214,8084,WVS,
220.189.230.109:81,,China,Linhai,220.189.230.109,81,WVS,
115.236.13.11:8888,,China,Hangzhou,115.236.13.11,8888,Tegine,
223.93.140.195,,China,Hangzhou,223.93.140.195,80,nginx/1.10.2,
61.164.67.34:83,,China,Xushan,61.164.67.34,83,WVS,
122.224.74.37,,China,Hangzhou,122.224.74.37,80,Tegine,
115.239.176.61:8080,,China,Shaoxing,115.239.176.61,8080,WVS,
122.224.196.162:88,,China,Hangzhou,122.224.196.162,88,WVS,
122.228.134.118:88,,China,Wenzhou,122.228.134.118,88,Resin/3.1.8,
112.16.178.98:18001,,China,Ningbo,112.16.178.98,18001,WVS,
112.16.178.98:8888,,China,Ningbo,112.16.178.98,8888,WVS,
112.16.178.98:1883,,China,Ningbo,112.16.178.98,1883,WVS,
112.16.178.98:7014,,China,Ningbo,112.16.178.98,7014,WVS,
112.16.178.98:2121,,China,Ningbo,112.16.178.98,2121,WVS,
112.16.178.98:2332,,China,Ningbo,112.16.178.98,2332,WVS,
112.16.178.98:9943,,China,Ningbo,112.16.178.98,9943,WVS,
112.16.178.98:4711,,China,Ningbo,112.16.178.98,4711,WVS,
112.16.178.98:60010,,China,Ningbo,112.16.178.98,60010,WVS,
112.16.178.98:9151,,China,Ningbo,112.16.178.98,9151,WVS,
112.16.178.98:5800,,China,Ningbo,112.16.178.98,5800,WVS,
112.16.178.98:5405,,China,Ningbo,112.16.178.98,5405,WVS,
112.16.178.98:7025,,China,Ningbo,112.16.178.98,7025,WVS,
112.16.178.98:7911,,China,Ningbo,112.16.178.98,7911,WVS,
112.16.178.98:3524,,China,Ningbo,112.16.178.98,3524,WVS,
112.16.178.98:3690,,China,Ningbo,112.16.178.98,3690,WVS,
112.16.178.98:6668,,China,Ningbo,112.16.178.98,6668,WVS,
112.16.178.98:8006,,China,Ningbo,112.16.178.98,8006,WVS,
112.16.178.98:5080,,China,Ningbo,112.16.178.98,5080,WVS,
112.16.178.98:83,,China,Ningbo,112.16.178.98,83,WVS,
112.16.178.98:23424,,China,Ningbo,112.16.178.98,23424,WVS,
112.16.178.98:1901,,China,Ningbo,112.16.178.98,1901,WVS,
112.16.178.98:900,,China,Ningbo,112.16.178.98,900,WVS,
112.16.178.98:7777,,China,Ningbo,112.16.178.98,7777,WVS,
112.16.178.98:2949,,China,Ningbo,112.16.178.98,2949,WVS,
112.16.178.98:53,,China,Ningbo,112.16.178.98,53,WVS,
112.16.178.98:7005,,China,Ningbo,112.16.178.98,7005,WVS,
112.16.178.98:50075,,China,Ningbo,112.16.178.98,50075,WVS,
112.16.178.98:175,,China,Ningbo,112.16.178.98,175,WVS,
112.16.178.98:1723,,China,Ningbo,112.16.178.98,1723,WVS,
115.238.86.61:8099,,China,Hangzhou,115.238.86.61,8099,WVS,
115.203.243.146:8090,,China,Taizhou,115.203.243.146,8090,WVS,
112.16.178.98:25105,,China,Ningbo,112.16.178.98,25105,WVS,
112.16.178.98:5495,,China,Ningbo,112.16.178.98,5495,WVS,
112.16.178.98:31337,,China,Ningbo,112.16.178.98,31337,WVS,
112.16.178.98:4911,,China,Ningbo,112.16.178.98,4911,WVS,
112.16.178.98:2087,,China,Ningbo,112.16.178.98,2087,WVS,
112.16.178.98:2252,,China,Ningbo,112.16.178.98,2252,WVS,
112.16.178.98:5400,,China,Ningbo,112.16.178.98,5400,WVS,
112.16.178.98:7080,,China,Ningbo,112.16.178.98,7080,WVS,
112.16.178.98:3389,,China,Ningbo,112.16.178.98,3389,WVS,
112.16.178.98:5499,,China,Ningbo,112.16.178.98,5499,WVS,
60.191.104.98:85,,China,Hangzhou,60.191.104.98,85,WVS,
112.16.178.98:6444,,China,Ningbo,112.16.178.98,6444,WVS,
112.16.178.98:2480,,China,Ningbo,112.16.178.98,2480,WVS,
112.16.178.98:6488,,China,Ningbo,112.16.178.98,6488,WVS,
112.16.178.98:9003,,China,Ningbo,112.16.178.98,9003,WVS,
112.16.178.98:8649,,China,Ningbo,112.16.178.98,8649,WVS,
112.16.178.98:49152,,China,Ningbo,112.16.178.98,49152,WVS,
183.129.221.92:88,,China,Hangzhou,183.129.221.92,88,Resin/3.1.8,
112.16.178.98:41795,,China,Ningbo,112.16.178.98,41795,WVS,
112.16.178.98:902,,China,Ningbo,112.16.178.98,902,WVS,
112.16.178.98:8501,,China,Ningbo,112.16.178.98,8501,WVS,
112.16.178.98:1911,,China,Ningbo,112.16.178.98,1911,WVS,
112.16.178.98:61616,,China,Ningbo,112.16.178.98,61616,WVS,
112.16.178.98:3004,,China,Ningbo,112.16.178.98,3004,WVS,
https://60.191.123.147:8443,,China,Hangzhou,60.191.123.147,8443,WVS,
112.16.178.98:800,,China,Ningbo,112.16.178.98,800,WVS,
112.16.178.98:7657,,China,Ningbo,112.16.178.98,7657,WVS,
112.16.178.98:9001,,China,Ningbo,112.16.178.98,9001,WVS,
112.16.178.98:1863,,China,Ningbo,112.16.178.98,1863,WVS,
112.16.178.98:10005,,China,Ningbo,112.16.178.98,10005,WVS,
112.16.178.98:14147,,China,Ningbo,112.16.178.98,14147,WVS,
122.233.221.29:8080,,China,Hangzhou,122.233.221.29,8080,Resin/4.0.58,
125.122.85.116:81,,China,Hangzhou,125.122.85.116,81,WVS,
202.96.99.101,,China,Quzhou,202.96.99.101,80,WVS,
122.228.157.218:88,,China,Wenzhou,122.228.157.218,88,WVS,
60.183.68.221:9999,,China,Shaoxing,60.183.68.221,9999,WVS,
117.148.149.250:88,,China,Jinhua,117.148.149.250,88,WVS,
60.185.244.113:8888,,China,Zhoushan,60.185.244.113,8888,Resin/4.0.58,
218.75.14.163:28080,,China,Wenzhou,218.75.14.163,28080,Resin/4.0.58,
60.190.157.195:81,,China,Haining,60.190.157.195,81,WVS,
202.96.99.115:85,,China,Quzhou,202.96.99.115,85,WVS,
223.93.145.245:81,,China,Hangzhou,223.93.145.245,81,Resin/4.0.58,
117.149.146.25:88,,China,Hangzhou,117.149.146.25,88,Resin/3.1.8,
218.73.137.45:8090,,China,Wenzhou,218.73.137.45,8090,Resin/4.0.58,
122.228.182.178:9000,,China,Wenzhou,122.228.182.178,9000,Resin/3.1.8,
115.236.84.236:82,,China,Hangzhou,115.236.84.236,82,Resin/3.1.8,
123.96.202.189:8888,,China,Zhoushan,123.96.202.189,8888,Resin/4.0.58,
122.234.155.130:8888,,China,Hangzhou,122.234.155.130,8888,WVS,
223.94.142.43:88,,China,Haining,223.94.142.43,88,WVS,
183.129.168.213:8888,,China,Hangzhou,183.129.168.213,8888,nginx/1.12.2,
115.238.70.98:8081,,China,Hangzhou,115.238.70.98,8081,WVS,
223.94.49.138:8081,,China,Ningbo,223.94.49.138,8081,WVS,
122.225.200.194:81,,China,Hangzhou,122.225.200.194,81,Tegine,
220.191.236.235:88,,China,Taizhou,220.191.236.235,88,WVS,
https://122.228.147.82:9080,,China,Wenzhou,122.228.147.82,9080,nginx/1.10.2,
122.225.237.242:18080,,China,Hangzhou,122.225.237.242,18080,WVS,
https://emobile.hspark.com,,China,Hangzhou,183.129.138.18,443,Resin/3.1.8,
61.153.37.139:8066,,China,Wenzhou,61.153.37.139,8066,Resin/3.1.8,
115.236.166.50:8899,,China,Hangzhou,115.236.166.50,8899,Tegine,
60.191.17.210:8181,,China,Hangzhou,60.191.17.210,8181,Resin/3.1.8,
218.92.206.107:81,,China,Hangzhou,218.92.206.107,81,Resin/3.1.8,
60.191.15.50:85,,China,Hangzhou,60.191.15.50,85,WVS,
https://oa.huayou.com,,China,Haining,60.190.154.59,443,nginx,
60.162.161.203:8088,,China,Taizhou,60.162.161.203,8088,WVS,
122.227.131.174:8080,,China,Ningbo,122.227.131.174,8080,WVS,
115.236.175.206:8099,,China,Hangzhou,115.236.175.206,8099,Resin/4.0.58,
122.228.188.186:81,,China,Wenzhou,122.228.188.186,81,Tegine,
122.224.160.13:81,,China,Hangzhou,122.224.160.13,81,Tegine,
125.114.176.254:8088,,China,Ningbo,125.114.176.254,8088,WVS,
122.224.196.88:81,,China,Hangzhou,122.224.196.88,81,WVS,
115.236.169.2:85,,China,Hangzhou,115.236.169.2,85,WVS,
https://ten.zjqxcg.com,,China,Huzhou,115.231.254.110,443,nginx/1.12.1,
https://122.224.74.35:8443,,China,Hangzhou,122.224.74.35,8443,Tegine,
oa.meilijian.com,,China,Hangzhou,101.69.246.227,80,nginx/1.18.0,
https://183.246.67.204:9080,,China,Yiwu,183.246.67.204,9080,nginx/1.10.2,
115.204.167.182:8086,,China,Hangzhou,115.204.167.182,8086,WVS,
60.191.108.154:8091,,China,Hangzhou,60.191.108.154,8091,WVS,
183.129.210.220:8888,,China,Hangzhou,183.129.210.220,8888,Tegine,
122.246.138.40:8088,,China,Ningbo,122.246.138.40,8088,WVS,
112.14.49.163:8088,,China,Wenzhou,112.14.49.163,8088,Resin/3.1.8,
183.245.74.118:18080,,China,Wenzhou,183.245.74.118,18080,WVS,
115.236.173.138:85,,China,Hangzhou,115.236.173.138,85,WVS,
60.178.63.241:8088,,China,Ningbo,60.178.63.241,8088,WVS,
122.234.241.234:8888,,China,Hangzhou,122.234.241.234,8888,Tegine,
220.189.235.66:8881,,China,Linhai,220.189.235.66,8881,WVS,
122.241.192.22:9090,,China,Lishui,122.241.192.22,9090,Tegine,
www.hzcrystal.cn,,China,Hangzhou,60.12.9.130,80,WVS,
60.176.203.51:8004,,China,Hangzhou,60.176.203.51,8004,WVS,
60.183.50.230:9999,,China,Shaoxing,60.183.50.230,9999,WVS,
https://183.129.138.18,,China,Hangzhou,183.129.138.18,443,Resin/3.1.8,
122.224.121.106:3443,,China,Hangzhou,122.224.121.106,3443,Tegine,
https://oa.tech-new.cn,,China,Hangzhou,61.153.250.107,443,nginx/1.12.1,
220.191.176.7,,China,Pinghu,220.191.176.7,80,Resin/3.1.8,
61.174.171.126,,China,Hangzhou,61.174.171.126,80,Tegine,
218.75.76.37:9001,,China,Hangzhou,218.75.76.37,9001,WVS,
60.12.240.242:8081,,China,Ningbo,60.12.240.242,8081,Resin/3.1.8,
60.176.175.215:8086,,China,Hangzhou,60.176.175.215,8086,WVS,
117.149.172.253:8081,,China,Hangzhou,117.149.172.253,8081,Resin/4.0.58,
60.191.123.147:808,,China,Hangzhou,60.191.123.147,808,Tegine,
60.176.126.107:8888,,China,Hangzhou,60.176.126.107,8888,WVS,
60.183.51.248:9999,,China,Shaoxing,60.183.51.248,9999,WVS,
oa.hzzh.com:85,,China,Quzhou,202.96.99.115,85,WVS,
122.224.114.215,,China,Shaoxing,122.224.114.215,80,Resin/4.0.58,
oa.wzhuahong.cn:9000,,China,Hangzhou,60.12.15.6,9000,WVS,
122.225.200.195:8088,,China,Hangzhou,122.225.200.195,8088,Tegine,
60.183.48.205:9999,,China,Shaoxing,60.183.48.205,9999,WVS,
https://dhoa.hspark.com,,China,Hangzhou,183.129.138.18,443,Resin/3.1.8,
183.131.90.254:8088,,China,Shaoxing,183.131.90.254,8088,Resin/4.0.58,
125.118.178.235:8888,,China,Hangzhou,125.118.178.235,8888,Tegine,
183.129.168.215:8888,,China,Hangzhou,183.129.168.215,8888,nginx/1.12.2,
122.224.100.163:8089,,China,Hangzhou,122.224.100.163,8089,WVS,
60.178.113.1:8088,,China,Yuyao,60.178.113.1,8088,WVS,
218.75.2.162:8088,,China,Wenzhou,218.75.2.162,8088,WVS,
https://122.228.145.214:9080,,China,Wenzhou,122.228.145.214,9080,nginx/1.10.2,
oa.dazd.cn,,China,Ningbo,60.12.67.170,80,nginx,
123.96.193.75:8888,,China,Zhoushan,123.96.193.75,8888,Resin/4.0.58,
125.110.167.162:88,,China,Wenzhou,125.110.167.162,88,Tegine,
https://oa.tclab.cn,,China,Hangzhou,218.75.73.163,443,nginx,
115.239.170.13:8082,,China,Shaoxing,115.239.170.13,8082,Resin/3.1.8,
115.202.42.242:8088,,China,Taizhou,115.202.42.242,8088,WVS,
112.11.107.223:7070,,China,Jiaxing,112.11.107.223,7070,WVS,
183.156.255.77:8086,,China,Hangzhou,183.156.255.77,8086,WVS,
https://oa.sinoskycorp.com,,China,Hangzhou,122.224.160.231,443,nginx,
115.238.65.37:8888,,China,Hangzhou,115.238.65.37,8888,WVS,
60.12.223.251:9002,,China,Ningbo,60.12.223.251,9002,Resin/3.1.8,
60.178.63.90:8088,,China,Ningbo,60.178.63.90,8088,WVS,
220.189.215.174:8090,,China,Hangzhou,220.189.215.174,8090,WVS,
115.221.81.234:8888,,China,Wenzhou,115.221.81.234,8888,Resin/3.1.8,
60.183.74.18:9999,,China,Shaoxing,60.183.74.18,9999,WVS,
114.217.127.194:8081,,China,Hangzhou,114.217.127.194,8081,WVS,
220.191.236.202:88,,China,Taizhou,220.191.236.202,88,Tegine,
123.96.206.19:8888,,China,Zhoushan,123.96.206.19,8888,Resin/4.0.58,
122.246.138.186:8088,,China,Ningbo,122.246.138.186,8088,WVS,
125.110.143.66:88,,China,Wenzhou,125.110.143.66,88,Tegine,
183.129.165.51:88,,China,Hangzhou,183.129.165.51,88,Tegine,
oa.wanmagroup.com,,China,Wenzhou,218.75.46.90,80,nginx,
125.120.117.7:8008,,China,Hangzhou,125.120.117.7,8008,Resin/3.1.8,
125.123.144.68:88,,China,Jiaxing,125.123.144.68,88,Resin/3.1.8,
115.221.84.48:8888,,China,Wenzhou,115.221.84.48,8888,Resin/3.1.8,
218.75.78.138:8005,,China,Hangzhou,218.75.78.138,8005,Tegine,
36.153.89.200:8888,,China,Shaoxing,36.153.89.200,8888,WVS,
125.110.138.128:88,,China,Wenzhou,125.110.138.128,88,Tegine,
60.12.9.130:88,,China,Hangzhou,60.12.9.130,88,WVS,
https://115.236.9.253:8999,,China,Hangzhou,115.236.9.253,8999,nginx/1.12.1,
https://oa.supcon.com,,China,Hangzhou,101.68.70.248,443,nginx/1.12.2,
